Workbook

Sheet INFO_PROJECT
A1: FIELD | B1: VALUE | C1: KETERANGAN
A2: source_row_id | B2: 11485140-0390/SPI | C2: ID unik dari Google Sheet monitoring. Disarankan KODE-NO.SPI.
A3: kode | B3: 11485140 | C3: Kolom KODE dari sheet PROJECT MONITORING.
A4: no_spi | B4: 0390/SPI | C4: Kolom NO. SPI.
A5: bulan_spi | B5: 8 June 26 | C5: Kolom BULAN SPI.
A6: tahun_sp | B6: 2026 | C6: Kolom TAHUN SP.
A7: nama_proyek | B7: RS HARUM SISMA MEDIKA - NC | C7: Kolom NAMA PROYEK.
A8: pekerjaan | B8: NC | C8: Kolom PEKERJAAN.
A9: jenis | B9: NC | C9: Kolom JENIS.
A10: jenis2 | B10: PROYEK | C10: Kolom JENIS2.
A11: wilayah | B11: BARAT | C11: Kolom WILAYAH.
A12: project_area | B12: BARTEN 1 | C12: Kolom AREA pada monitoring project.
A13: rekan_kerja | B13: SANDANA | C13: Kolom REKAN KERJA.
A14: dok_spk_term_payment | B14: Progress 30% - dibayarkan | C14: Kolom DOK SPK / TERM PAYMENT.
A15: status | B15: PROGRESS | C15: PROGRESS / FINISH / HOLD / CANCEL.
A16: sheet_progress_percent | B16: 0 | C16: Progress global di sheet monitoring, 0-100.
A17: start_date | B17: 2026-06-10 | C17: Tanggal mulai format YYYY-MM-DD.
A18: end_date | B18: 2026-06-26 | C18: Tanggal selesai format YYYY-MM-DD.
A19: duration_days | B19: 17 | C19: Durasi pekerjaan dalam hari.
A20: delay_days | B20: -1 | C20: Delay dalam hari. Negatif berarti lebih cepat.
A21: pic_sales | B21: ANNISA | C21: PIC Sales.
A22: pic_teknik | C22: PIC Teknik.
A23: nilai_kontrak | B23: 30000000 | C23: Nilai kontrak project. Akan dipakai sebagai contract_value.

Sheet RAB_BOQ
A1: source_row_id | B1: area | C1: code | D1: description | E1: unit | F1: volume | G1: unit_price | H1: total_price | I1: weight_percent | J1: start_date | K1: end_date | L1: notes
A2: RSIBUNDA-OK1-001 | B2: OK 1 | C2: 1 | D2: Antibacterial HPL Cladding Wall Panel | E2: m2 | F2: 62.1 | G2: 3724400 | H2: =F2*G2 | I2: =H2/INFO_PROJECT!$B$22*100 | J2: 2026-06-10 | K2: 2026-06-18 | L2: Contoh dari RAB MOT
A3: RSIBUNDA-OK1-002 | B3: OK 1 | C3: 2 | D3: Glass Cladding Wall Panel | E3: m2 | F3: 9.9 | G3: 5959100 | H3: =F3*G3 | I3: =H3/INFO_PROJECT!$B$22*100 | J3: 2026-06-12 | K3: 2026-06-19
A4: RSIBUNDA-OK1-003 | B4: OK 1 | C4: 3 | D4: Medical Panel Ceiling System | E4: m2 | F4: 43 | G4: 730000 | H4: =F4*G4 | I4: =H4/INFO_PROJECT!$B$22*100 | J4: 2026-06-15 | K4: 2026-06-23
A5: RSIBUNDA-OK1-004 | B5: OK 1 | C5: 4 | D5: Lighting Fixture | E5: unit | F5: 12 | G5: 1117400 | H5: =F5*G5 | I5: =H5/INFO_PROJECT!$B$22*100 | J5: 2026-06-20 | K5: 2026-06-24
A6: RSIBUNDA-OK1-005 | B6: OK 1 | C6: 5 | D6: Air Tight Sealed Automatic Sliding Door | E6: unit | F6: 1 | G6: 59590400 | H6: =F6*G6 | I6: =H6/INFO_PROJECT!$B$22*100 | J6: 2026-06-18 | K6: 2026-06-25
A7: RSIBUNDA-OK1-006 | B7: OK 1 | C7: 6 | D7: Electrostatic Conductive Floor System | E7: m2 | F7: 47 | G7: 908800 | H7: =F7*G7 | I7: =H7/INFO_PROJECT!$B$22*100 | J7: 2026-06-20 | K7: 2026-06-26
H8: =IF(OR(F8="",G8=""),"",F8*G8) | I8: =IF(H8="","",H8/INFO_PROJECT!$B$22*100)
H9: =IF(OR(F9="",G9=""),"",F9*G9) | I9: =IF(H9="","",H9/INFO_PROJECT!$B$22*100)
H10: =IF(OR(F10="",G10=""),"",F10*G10) | I10: =IF(H10="","",H10/INFO_PROJECT!$B$22*100)
H11: =IF(OR(F11="",G11=""),"",F11*G11) | I11: =IF(H11="","",H11/INFO_PROJECT!$B$22*100)
H12: =IF(OR(F12="",G12=""),"",F12*G12) | I12: =IF(H12="","",H12/INFO_PROJECT!$B$22*100)
H13: =IF(OR(F13="",G13=""),"",F13*G13) | I13: =IF(H13="","",H13/INFO_PROJECT!$B$22*100)
H14: =IF(OR(F14="",G14=""),"",F14*G14) | I14: =IF(H14="","",H14/INFO_PROJECT!$B$22*100)
H15: =IF(OR(F15="",G15=""),"",F15*G15) | I15: =IF(H15="","",H15/INFO_PROJECT!$B$22*100)
H16: =IF(OR(F16="",G16=""),"",F16*G16) | I16: =IF(H16="","",H16/INFO_PROJECT!$B$22*100)
H17: =IF(OR(F17="",G17=""),"",F17*G17) | I17: =IF(H17="","",H17/INFO_PROJECT!$B$22*100)
H18: =IF(OR(F18="",G18=""),"",F18*G18) | I18: =IF(H18="","",H18/INFO_PROJECT!$B$22*100)
H19: =IF(OR(F19="",G19=""),"",F19*G19) | I19: =IF(H19="","",H19/INFO_PROJECT!$B$22*100)
... H301: =IF(OR(F301="",G301=""),"",F301*G301) | I301: =IF(H301="","",H301/INFO_PROJECT!$B$22*100)
G304: TOTAL RAB | H304: =SUM(H2:H301) | I304: =SUM(I2:I301)

Sheet TARGET_KURVA_S
A1: period_no | B1: period_date | C1: planned_percent_period | D1: planned_percent_cumulative | E1: notes
A2: 1 | B2: 2026-06-07 | C2: 2 | D2: =SUM($C$2:C2) | E2: Contoh target mingguan kumulatif
A3: 2 | B3: 2026-06-14 | C3: 3 | D3: =SUM($C$2:C3) | E3: Contoh target mingguan kumulatif
A4: 3 | B4: 2026-06-21 | C4: 5 | D4: =SUM($C$2:C4) | E4: Contoh target mingguan kumulatif
A5: 4 | B5: 2026-06-28 | C5: 7 | D5: =SUM($C$2:C5) | E5: Contoh target mingguan kumulatif
A6: 5 | B6: 2026-07-05 | C6: 8 | D6: =SUM($C$2:C6) | E6: Contoh target mingguan kumulatif
A7: 6 | B7: 2026-07-12 | C7: 9 | D7: =SUM($C$2:C7) | E7: Contoh target mingguan kumulatif
A8: 7 | B8: 2026-07-19 | C8: 11 | D8: =SUM($C$2:C8) | E8: Contoh target mingguan kumulatif
A9: 8 | B9: 2026-07-26 | C9: 12 | D9: =SUM($C$2:C9) | E9: Contoh target mingguan kumulatif
A10: 9 | B10: 2026-08-02 | C10: 12 | D10: =SUM($C$2:C10) | E10: Contoh target mingguan kumulatif
A11: 10 | B11: 2026-08-09 | C11: 10 | D11: =SUM($C$2:C11) | E11: Contoh target mingguan kumulatif
A12: 11 | B12: 2026-08-16 | C12: 8 | D12: =SUM($C$2:C12) | E12: Contoh target mingguan kumulatif
A13: 12 | B13: 2026-08-23 | C13: 6 | D13: =SUM($C$2:C13) | E13: Contoh target mingguan kumulatif
... A15: 14 | B15: 2026-09-06 | C15: 3 | D15: =SUM($C$2:C15) | E15: Contoh target mingguan kumulatif
A16: =IF(B16="","",ROW()-1) | D16: =IF(C16="","",SUM($C$2:C16))
A17: =IF(B17="","",ROW()-1) | D17: =IF(C17="","",SUM($C$2:C17))
A18: =IF(B18="","",ROW()-1) | D18: =IF(C18="","",SUM($C$2:C18))
A19: =IF(B19="","",ROW()-1) | D19: =IF(C19="","",SUM($C$2:C19))
A20: =IF(B20="","",ROW()-1) | D20: =IF(C20="","",SUM($C$2:C20))
A21: =IF(B21="","",ROW()-1) | D21: =IF(C21="","",SUM($C$2:C21))
A22: =IF(B22="","",ROW()-1) | D22: =IF(C22="","",SUM($C$2:C22))
A23: =IF(B23="","",ROW()-1) | D23: =IF(C23="","",SUM($C$2:C23))
A24: =IF(B24="","",ROW()-1) | D24: =IF(C24="","",SUM($C$2:C24))
A25: =IF(B25="","",ROW()-1) | D25: =IF(C25="","",SUM($C$2:C25))
A26: =IF(B26="","",ROW()-1) | D26: =IF(C26="","",SUM($C$2:C26))
A27: =IF(B27="","",ROW()-1) | D27: =IF(C27="","",SUM($C$2:C27))
... A65: =IF(B65="","",ROW()-1) | D65: =IF(C65="","",SUM($C$2:C65))

Sheet PREVIEW_KURVA_S
A1: period_date | B1: target_cumulative_percent | C1: actual_cumulative_percent_placeholder | D1: deviasi_placeholder
A2: =TARGET_KURVA_S!B2 | B2: =TARGET_KURVA_S!D2 | D2: =IF(OR(B2="",C2=""),"",C2-B2)
A3: =TARGET_KURVA_S!B3 | B3: =TARGET_KURVA_S!D3 | D3: =IF(OR(B3="",C3=""),"",C3-B3)
A4: =TARGET_KURVA_S!B4 | B4: =TARGET_KURVA_S!D4 | D4: =IF(OR(B4="",C4=""),"",C4-B4)
A5: =TARGET_KURVA_S!B5 | B5: =TARGET_KURVA_S!D5 | D5: =IF(OR(B5="",C5=""),"",C5-B5)
A6: =TARGET_KURVA_S!B6 | B6: =TARGET_KURVA_S!D6 | D6: =IF(OR(B6="",C6=""),"",C6-B6)
A7: =TARGET_KURVA_S!B7 | B7: =TARGET_KURVA_S!D7 | D7: =IF(OR(B7="",C7=""),"",C7-B7)
A8: =TARGET_KURVA_S!B8 | B8: =TARGET_KURVA_S!D8 | D8: =IF(OR(B8="",C8=""),"",C8-B8)
A9: =TARGET_KURVA_S!B9 | B9: =TARGET_KURVA_S!D9 | D9: =IF(OR(B9="",C9=""),"",C9-B9)
A10: =TARGET_KURVA_S!B10 | B10: =TARGET_KURVA_S!D10 | D10: =IF(OR(B10="",C10=""),"",C10-B10)
A11: =TARGET_KURVA_S!B11 | B11: =TARGET_KURVA_S!D11 | D11: =IF(OR(B11="",C11=""),"",C11-B11)
A12: =TARGET_KURVA_S!B12 | B12: =TARGET_KURVA_S!D12 | D12: =IF(OR(B12="",C12=""),"",C12-B12)
A13: =TARGET_KURVA_S!B13 | B13: =TARGET_KURVA_S!D13 | D13: =IF(OR(B13="",C13=""),"",C13-B13)
... A65: =TARGET_KURVA_S!B65 | B65: =TARGET_KURVA_S!D65 | D65: =IF(OR(B65="",C65=""),"",C65-B65)

Sheet INSTRUKSI
A1: BAGIAN | B1: PENJELASAN
A2: TUJUAN TEMPLATE | B2: Template ini menjadi standar upload RAB per proyek agar bisa diparse ke Supabase dan dipakai untuk bobot + Kurva S.
A3: SHEET INFO_PROJECT | B3: Isi metadata proyek sesuai Google Sheet PROJECT MONITORING. Minimal: source_row_id, no_spi, nama_proyek, nilai_kontrak, start_date, end_date.
A4: SHEET RAB_BOQ | B4: Isi detail item RAB/BOQ. Kolom wajib: source_row_id, area, code, description, unit, volume, unit_price, total_price, weight_percent.
A5: SHEET TARGET_KURVA_S | B5: Isi target progress rencana per periode. Kolom planned_percent_cumulative akan dipakai sebagai target Kurva S.
A6: BOBOT | B6: Rumus bobot = total_price / nilai_kontrak x 100. Total bobot idealnya mendekati 100%. Jika nilai RAB parsial, nilai_kontrak bisa diganti nilai total RAB parsial.
A7: UPLOAD PDF | B7: PDF boleh diupload sebagai arsip, tetapi import otomatis disarankan memakai Excel karena struktur datanya lebih stabil.
A8: IMPORT KE SUPABASE | B8: Data INFO_PROJECT masuk projects, RAB_BOQ masuk boq_items, TARGET_KURVA_S masuk progress_targets. Input aktual koordinator tetap masuk progress_entries lewat aplikasi.
A9: TIPS SOURCE_ROW_ID | B9: Gunakan ID unik stabil, contoh: 0390-SPI-OK1-001. Jangan berubah saat update file agar proses upsert tidak membuat data dobel.
