Workbook

Sheet RAB
A1: 🏗️ RENCANA ANGGARAN BIAYA (RAB)
A2: PT. SANDANA — Project Monitoring System
A4: Nama Proyek | B4: RS HARUM SISMA MEDIKA - NC | F4: Area / Wilayah | G4: BARAT / BARTEN 1
A5: No. SPI | B5: 0390/SPI | F5: Tanggal RAB | G5: 2026-06-11
A6: Kode Project | B6: 11485140 | F6: Nilai Kontrak | G6: =F31
A8: No | B8: Uraian Pekerjaan | C8: Volume | D8: Satuan | E8: Harga Satuan (Rp) | F8: Jumlah Harga (Rp) | G8: Bobot (%) | H8: Keterangan | I8: source_row_id
A9: I | B9: PEKERJAAN SIPIL
A10: 1 | B10: Pekerjaan Persiapan & Mobilisasi | C10: 1 | D10: Ls | E10: 25000000 | F10: =C10*E10 | G10: =IF($G$6=0,"",F10/$G$6) | I10: =SUBSTITUTE($B$5,"/","-")&"-I-"&TEXT(A10,"000")
A11: 2 | B11: Pekerjaan Pondasi | C11: 1 | D11: Ls | E11: 120000000 | F11: =C11*E11 | G11: =IF($G$6=0,"",F11/$G$6) | I11: =SUBSTITUTE($B$5,"/","-")&"-I-"&TEXT(A11,"000")
A12: 3 | B12: Pekerjaan Struktur Beton | C12: 1 | D12: Ls | E12: 350000000 | F12: =C12*E12 | G12: =IF($G$6=0,"",F12/$G$6) | I12: =SUBSTITUTE($B$5,"/","-")&"-I-"&TEXT(A12,"000")
A13: 4 | B13: Pekerjaan Dinding & Plesteran | C13: 500 | D13: m² | E13: 450000 | F13: =C13*E13 | G13: =IF($G$6=0,"",F13/$G$6) | I13: =SUBSTITUTE($B$5,"/","-")&"-I-"&TEXT(A13,"000")
A14: 5 | B14: Pekerjaan Lantai & Keramik | C14: 300 | D14: m² | E14: 375000 | F14: =C14*E14 | G14: =IF($G$6=0,"",F14/$G$6) | I14: =SUBSTITUTE($B$5,"/","-")&"-I-"&TEXT(A14,"000")
A15: 6 | B15: Pekerjaan Atap & Plafon | C15: 250 | D15: m² | E15: 520000 | F15: =C15*E15 | G15: =IF($G$6=0,"",F15/$G$6) | I15: =SUBSTITUTE($B$5,"/","-")&"-I-"&TEXT(A15,"000")
A16: 7 | B16: Pekerjaan Pintu & Jendela | C16: 20 | D16: Unit | E16: 3500000 | F16: =C16*E16 | G16: =IF($G$6=0,"",F16/$G$6) | I16: =SUBSTITUTE($B$5,"/","-")&"-I-"&TEXT(A16,"000")
B17: JUMLAH I — PEKERJAAN SIPIL | F17: =SUM(F10:F16) | G17: =SUM(G10:G16)
A18: II | B18: PEKERJAAN MEKANIKAL & ELEKTRIKAL
A19: 8 | B19: Instalasi Listrik & Panel | C19: 1 | D19: Ls | E19: 180000000 | F19: =C19*E19 | G19: =IF($G$6=0,"",F19/$G$6) | I19: =SUBSTITUTE($B$5,"/","-")&"-II-"&TEXT(A19,"000")
A20: 9 | B20: Instalasi Plumbing & Sanitasi | C20: 1 | D20: Ls | E20: 95000000 | F20: =C20*E20 | G20: =IF($G$6=0,"",F20/$G$6) | I20: =SUBSTITUTE($B$5,"/","-")&"-II-"&TEXT(A20,"000")
A21: 10 | B21: Sistem HVAC / Tata Udara | C21: 1 | D21: Ls | E21: 250000000 | F21: =C21*E21 | G21: =IF($G$6=0,"",F21/$G$6) | I21: =SUBSTITUTE($B$5,"/","-")&"-II-"&TEXT(A21,"000")
A22: 11 | B22: Instalasi Fire Alarm & Hydrant | C22: 1 | D22: Ls | E22: 75000000 | F22: =C22*E22 | G22: =IF($G$6=0,"",F22/$G$6) | I22: =SUBSTITUTE($B$5,"/","-")&"-II-"&TEXT(A22,"000")
B23: JUMLAH II — PEKERJAAN MEKANIKAL & ELEKTRIKAL | F23: =SUM(F19:F22) | G23: =SUM(G19:G22)
A24: III | B24: PEKERJAAN INTERIOR & FINISHING
A25: 12 | B25: Pekerjaan Plafon Gypsum | C25: 400 | D25: m² | E25: 350000 | F25: =C25*E25 | G25: =IF($G$6=0,"",F25/$G$6) | I25: =SUBSTITUTE($B$5,"/","-")&"-III-"&TEXT(A25,"000")
A26: 13 | B26: Pengecatan & Finishing | C26: 800 | D26: m² | E26: 125000 | F26: =C26*E26 | G26: =IF($G$6=0,"",F26/$G$6) | I26: =SUBSTITUTE($B$5,"/","-")&"-III-"&TEXT(A26,"000")
A27: 14 | B27: Furniture & Interior | C27: 1 | D27: Ls | E27: 450000000 | F27: =C27*E27 | G27: =IF($G$6=0,"",F27/$G$6) | I27: =SUBSTITUTE($B$5,"/","-")&"-III-"&TEXT(A27,"000")
A28: 15 | B28: Pekerjaan Luar (Landscape) | C28: 1 | D28: Ls | E28: 80000000 | F28: =C28*E28 | G28: =IF($G$6=0,"",F28/$G$6) | I28: =SUBSTITUTE($B$5,"/","-")&"-III-"&TEXT(A28,"000")
B29: JUMLAH III — PEKERJAAN INTERIOR & FINISHING | F29: =SUM(F25:F28) | G29: =SUM(G25:G28)
B30: GRAND TOTAL | F30: =SUM(F9:F29) | G30: =SUM(G9:G29)
A33: Catatan: Jika menambah item, sisipkan baris di dalam section agar subtotal dan grand total otomatis ikut berubah. Kolom source_row_id boleh disembunyikan tapi jangan dihapus.

Sheet TARGET_KURVA_S
A1: period_no | B1: period_date | C1: planned_percent_period | D1: planned_percent_cumulative | E1: notes
A2: 1 | B2: =DATEVALUE(RAB!$G$5)+(1-1)*7 | C2: 0.02 | D2: =SUM($C$2:C2) | E2: Target mingguan
A3: 2 | B3: =DATEVALUE(RAB!$G$5)+(2-1)*7 | C3: 0.03 | D3: =SUM($C$2:C3) | E3: Target mingguan
A4: 3 | B4: =DATEVALUE(RAB!$G$5)+(3-1)*7 | C4: 0.05 | D4: =SUM($C$2:C4) | E4: Target mingguan
A5: 4 | B5: =DATEVALUE(RAB!$G$5)+(4-1)*7 | C5: 0.07 | D5: =SUM($C$2:C5) | E5: Target mingguan
A6: 5 | B6: =DATEVALUE(RAB!$G$5)+(5-1)*7 | C6: 0.08 | D6: =SUM($C$2:C6) | E6: Target mingguan
A7: 6 | B7: =DATEVALUE(RAB!$G$5)+(6-1)*7 | C7: 0.09 | D7: =SUM($C$2:C7) | E7: Target mingguan
A8: 7 | B8: =DATEVALUE(RAB!$G$5)+(7-1)*7 | C8: 0.11 | D8: =SUM($C$2:C8) | E8: Target mingguan
A9: 8 | B9: =DATEVALUE(RAB!$G$5)+(8-1)*7 | C9: 0.12 | D9: =SUM($C$2:C9) | E9: Target mingguan
A10: 9 | B10: =DATEVALUE(RAB!$G$5)+(9-1)*7 | C10: 0.12 | D10: =SUM($C$2:C10) | E10: Target mingguan
A11: 10 | B11: =DATEVALUE(RAB!$G$5)+(10-1)*7 | C11: 0.1 | D11: =SUM($C$2:C11) | E11: Target mingguan
A12: 11 | B12: =DATEVALUE(RAB!$G$5)+(11-1)*7 | C12: 0.08 | D12: =SUM($C$2:C12) | E12: Target mingguan
A13: 12 | B13: =DATEVALUE(RAB!$G$5)+(12-1)*7 | C13: 0.06 | D13: =SUM($C$2:C13) | E13: Target mingguan
A14: 13 | B14: =DATEVALUE(RAB!$G$5)+(13-1)*7 | C14: 0.04 | D14: =SUM($C$2:C14) | E14: Target mingguan
A15: 14 | B15: =DATEVALUE(RAB!$G$5)+(14-1)*7 | C15: 0.03 | D15: =SUM($C$2:C15) | E15: Target mingguan
A16: =IF(B16="","",ROW()-1) | D16: =IF(C16="","",SUM($C$2:C16))
A17: =IF(B17="","",ROW()-1) | D17: =IF(C17="","",SUM($C$2:C17))
A18: =IF(B18="","",ROW()-1) | D18: =IF(C18="","",SUM($C$2:C18))
A19: =IF(B19="","",ROW()-1) | D19: =IF(C19="","",SUM($C$2:C19))
A20: =IF(B20="","",ROW()-1) | D20: =IF(C20="","",SUM($C$2:C20))
A21: =IF(B21="","",ROW()-1) | D21: =IF(C21="","",SUM($C$2:C21))
A22: =IF(B22="","",ROW()-1) | D22: =IF(C22="","",SUM($C$2:C22))
A23: =IF(B23="","",ROW()-1) | D23: =IF(C23="","",SUM($C$2:C23))
A24: =IF(B24="","",ROW()-1) | D24: =IF(C24="","",SUM($C$2:C24))
A25: =IF(B25="","",ROW()-1) | D25: =IF(C25="","",SUM($C$2:C25))
A26: =IF(B26="","",ROW()-1) | D26: =IF(C26="","",SUM($C$2:C26))
A27: =IF(B27="","",ROW()-1) | D27: =IF(C27="","",SUM($C$2:C27))
... A65: =IF(B65="","",ROW()-1) | D65: =IF(C65="","",SUM($C$2:C65))

Sheet IMPORT_MAPPING
A1: SUMBER TEMPLATE | B1: TARGET SUPABASE | C1: CATATAN
A2: RAB!B4 | B2: projects.nama_proyek / projects.name | C2: Nama proyek
A3: RAB!B5 | B3: projects.no_spi | C3: No SPI
A4: RAB!G4 | B4: projects.wilayah + projects.project_area | C4: Format bebas, contoh BARAT / BARTEN 1
A5: RAB!G5 | B5: rab_uploads.created_at atau tanggal dokumen | C5: Tanggal RAB
A6: RAB!B6 | B6: projects.kode | C6: Kode Project
A7: RAB!G6 | B7: projects.nilai_kontrak / contract_value | C7: Nilai kontrak
A8: Section row A/B | B8: boq_items.section_code / section_name | C8: I / PEKERJAAN SIPIL
A9: Item No | B9: boq_items.code | C9: Nomor item
A10: Uraian Pekerjaan | B10: boq_items.description | C10: Uraian item
A11: Volume | B11: boq_items.volume | C11: Volume
A12: Satuan | B12: boq_items.unit | C12: Satuan
... A19: TARGET planned_percent_cumulative | B19: progress_targets.planned_percent | C19: Saat import: persen Excel x 100 jika nilainya 0-1

Sheet INSTRUKSI
A1: LANGKAH | B1: PENJELASAN
A2: 1. Isi metadata | B2: Isi Nama Proyek, No SPI, Area/Wilayah, Tanggal RAB, Kode Project, dan Nilai Kontrak di bagian atas sheet RAB.
A3: 2. Isi section | B3: Gunakan baris section seperti I PEKERJAAN SIPIL, II PEKERJAAN MEKANIKAL & ELEKTRIKAL, III PEKERJAAN INTERIOR & FINISHING.
A4: 3. Isi item RAB | B4: Isi No, Uraian, Volume, Satuan, Harga Satuan. Jumlah Harga dan Bobot akan otomatis.
A5: 4. Tambah item | B5: Sisipkan baris di dalam section, jangan di bawah GRAND TOTAL. Copy formula dari baris di atas.
A6: 5. Target Kurva S | B6: Isi sheet TARGET_KURVA_S untuk rencana progress mingguan/bulanan. planned_percent_cumulative digunakan sebagai baseline.
A7: 6. Upload | B7: Upload Excel ini di aplikasi pada project yang sesuai. PDF hanya arsip, Excel ini dipakai untuk import otomatis.
A8: 7. Upsert aman | B8: Kolom source_row_id wajib unik dan stabil supaya upload ulang mengupdate item yang sama, bukan membuat duplikat.
